,source,target
0, I knew I was going to pass my final. I studied all week,I was confident about my final test. I had studied all week hard
1,3,A key to a long relationship is persistence_comma_ so keep at it! 
2,A new skating rink is being built. Should be done in time for Winter skating!,That's great! I may look it up and go to their grand opening as well.
3,A new skating rink is being built. Should be done in time for Winter skating!,That's great! I may look it up and go to their grand opening as well.
4,Before I do feel that I will not make it in life_comma_ but later I felt expectant of my future,I expected something good_comma_ that was why things are working well for me now
5,College is starting in 3 weeks_comma_ and I have my apartment all settled_comma_ my classes picked out_comma_ and my student loans scheduled. I feel like I'm on track to start the semester in a way where I'm not hurried or confused_comma_ and it feels good.,Hey... that's okay. I'm 28 and just now about to finish my 4-year degree. My brother finished his at 36. There's always a reason for the path you take. Maybe it led to better things. Don't ever just consider yourself a statistic. Good luck!
6,Finally got some yard work done _comma_ Love the smell of fresh cut grass.,I like getting things done in the yard_comma_but I feel so dirty afterwards.
7,For some reason if I get a good pump at the gym early in the morning_comma_ I feel like I can tackle any task on my to-do list for the day.,That's awesome. do you usually exercise in the mornings?
8,For some reason if I get a good pump at the gym early in the morning_comma_ I feel like I can tackle any task on my to-do list for the day.,That's awesome. do you usually exercise in the mornings?
9,Gareth Bale played his best in the champion's league final. I was thrilled after I watched his game.,Have you watched champion's league final?
10,Gareth Bale played his best in the champion's league final. I was thrilled after I watched his game.,Have you watched champion's league final?
11,Get to hang out and play cards with my girlfriend and her parents. Her parents are actually pretty laid back and fun to be around_comma_ so I'm looking forward to it. Glad I don't have to deal with overbearing in-laws like some people.,That's good. Were you nervous at first?
12,Get to hang out and play cards with my girlfriend and her parents. Her parents are actually pretty laid back and fun to be around_comma_ so I'm looking forward to it. Glad I don't have to deal with overbearing in-laws like some people.,That's good. Were you nervous at first?
13,Getting a colonoscopy done.  I hope it turns out okay,My appointment is coming up
14,Getting a colonoscopy done.  I hope it turns out okay,My appointment is coming up
15,Getting married this fall,It's lovely. Be a happy couple. live long together!
16,Getting ready to file quarterly taxes and I have been very diligent with organization this year so I am prepared,I bought a big rubbermaid portable file box that has folders 
17,Getting ready to file quarterly taxes and I have been very diligent with organization this year so I am prepared,How much stuff did you have to go through?
18,Getting ready to file quarterly taxes and I have been very diligent with organization this year so I am prepared,How much stuff did you have to go through?
19,Going to a job interview soon and I think I got this!,It is great to be confident. I am sure you will knock the interview out of the park!
20,Going to a job interview soon and I think I got this!,It is great to be confident. I am sure you will knock the interview out of the park!
21,Going to disney world in december!,Oh that's exciting! Have you gone before?
22,I am all packed for my vacation.  I don't believe I have forgotten anything for the trip but you never know.,I'm leaving for my vacation soon.  I have everything all packed and ready to go.
23,I am confident my brother will beat his cancer.,I am confident my brother will beat this cancer.
24,I am confident my brother will beat his cancer.,I am confident my brother will beat this cancer.
25,I am feeling more positive about the future today. I am really trying to hold on to that feeling no matter what. It's hard!,That is good!  Why have you been feeling down about the future before?
26,I am feeling more positive about the future today. I am really trying to hold on to that feeling no matter what. It's hard!,That is good!  Why have you been feeling down about the future before?
27,I am feeling this way in hopes that I get into grad school.,I really hope I get accepted into grad school.
28,I am going to eat some BBQ later.  I am so happy for it.,That sounds so good and the perfect way to spend a Sunday.
29,I am going to eat some BBQ later.  I am so happy for it.,That sounds so good and the perfect way to spend a Sunday.
30,I am going to meet up with a special friend I haven't seen for  years,That's pretty cool. I don't see my friends much since I moved.
31,I am going to meet up with a special friend I haven't seen for  years,That's pretty cool. I don't see my friends much since I moved.
32,I am having some financial issues. I am selling almost everything before the bailiff come.,I am having some financial issues. I am selling almost everything before the bailiff come.
33,I am having some financial issues. I am selling almost everything before the bailiff come.,I am having some financial issues. I am selling almost everything before the bailiff come.
34,I am hoping the Eagles can win it all again this season!,Why do you like the eagles?
35,I am hoping the Eagles can win it all again this season!,Why do you like the eagles?
36,I am hoping to win the lottery this week!,I am hoping as well
37,I am so full of anticipation!  School starts on Monday!,that's a long time. You should be used to it
38,I am so full of anticipation!  School starts on Monday!,that's a long time. You should be used to it
39,I am super hype for the new super smash bros_comma_ it looks so so good!,It comes out in December right? It would make a good holiday present!
40,I am very faithful to my employer.,My employer provides me with lots of training and support so I have become very faithful to them.
41,I am very faithful to my employer.,My employer provides me with lots of training and support so I have become very faithful to them.
42,I am waiting on my friend to come over. They are bringing me a medicine for my pet.,I'm sorry. That must make you sad.
43,I am waiting on my friend to come over. They are bringing me a medicine for my pet.,I'm sorry. That must make you sad.
44,I borrowed some money from my friend. I've a confidence I'll repay this month to him.,What a good friend to lend you money in your time of need. You should thank him and take him to dinner after everything is sorted.
45,I borrowed some money from my friend. I've a confidence I'll repay this month to him.,What a good friend to lend you money in your time of need. You should thank him and take him to dinner after everything is sorted.
46,I can tell my best friend anything!,I usually ask her for advice and tell her embarrassing stories because she never snitches!
47,I can tell my best friend anything!,I usually ask her for advice and tell her embarrassing stories because she never snitches!
48,I can't even fall asleep waiting to go on our vacation. ,Oh_comma_ well that is a fine thing indeed! I would be  jumping up and down!
49,I can't even fall asleep waiting to go on our vacation. ,Oh_comma_ well that is a fine thing indeed! I would be  jumping up and down!
50,I can't wait until Halloween. I love scaring the little kids who come to my house_comma_ muhahah!,Ha! I've always loved the more festive Dia de los Muertos approach to the day rather than scare or gore! What's your favorite Halloween film?
51,I can't wait until Halloween. I love scaring the little kids who come to my house_comma_ muhahah!,Ha! I've always loved the more festive Dia de los Muertos approach to the day rather than scare or gore! What's your favorite Halloween film?
52,I cant believe my daughter performed so well in the recital. She practiced so hard for it,I cant believe my daughter performed so well in the recital.
53,I cant believe my daughter performed so well in the recital. She practiced so hard for it,I cant believe my daughter performed so well in the recital.
54,I care a lot about all the little birds in my neighborhood. I am a sensitive soul and I just want to help every critter I see.,i dont want them to suffer either
55,I feel I can do things on my own. I didn't always feel this way_comma_ so it's nice I am empowered now and can accomplish things on my own.,My resolve I guess? Nothing changed for the better but inside me at least I know I can do it on my own because it's 1000 times better than the alternative. I'll do whatever it takes.
56,I feel this way because I have hope that I will get into grad school.,That sounds interesting_comma_ when do you learn if you got in?
57,I feel very committed to my work. No matter how I feel_comma_ I have to press on and complete it. It's been a rough week and my will power is very strong to still work through all this,yes. It's been a rough week and my will power is very strong to still work through all this
58,I feel very committed to my work. No matter how I feel_comma_ I have to press on and complete it. It's been a rough week and my will power is very strong to still work through all this,yes. It's been a rough week and my will power is very strong to still work through all this
59,I felt so happy seeing my high school friends last month. We were at our reunion,True! All those old memories started rushing in
60,I felt so happy seeing my high school friends last month. We were at our reunion,True! All those old memories started rushing in
61,I felt this way after the birth of my son.,What did you name him?
62,I felt this way when my father bought me a Super Nintendo for  my 9th birthday. We were very poor so it was unexpected!,You still remember what you got for it?  It must have been memorable!  What was it?
63,I felt this way when my father bought me a Super Nintendo for  my 9th birthday. We were very poor so it was unexpected!,You still remember what you got for it?  It must have been memorable!  What was it?
64,I finally thought my dog how to sit and give me her paw. I felt very accomplished and happy!,I finally thought my dog how to sit and give me her paw. I felt very accomplished and happy!
65,I finally thought my dog how to sit and give me her paw. I felt very accomplished and happy!,I finally thought my dog how to sit and give me her paw. I felt very accomplished and happy!
66,I fully trust in my intuition and dreams.  They have gotten me this far and I'm going all the way to the top,These days I'm trusting my intuition and following my gut to achieve my goals.  They've gotten me this far and haven't let me down yet
67,I fully trust in my intuition and dreams.  They have gotten me this far and I'm going all the way to the top,These days I'm trusting my intuition and following my gut to achieve my goals.  They've gotten me this far and haven't let me down yet
68,I got all A's in my last semester.,Thanks! Yes_comma_ I think I did my best anyway.
69,I got all A's in my last semester.,Thanks! Yes_comma_ I think I did my best anyway.
70,I had a big final exam that I studied really hard for. I passed with an A and finished with a 4.0 for the semester. I couldnt be happier.,I did. I even ended up with a 4.0 for the whole semester. I was very happy I was able to achieve that.
71,I had a girl try to hook up with me_comma_ but i didnt do anything because I love my wife.,This attractive girl at the bar was trying to get me to go home with her the other night
72,I had a girl try to hook up with me_comma_ but i didnt do anything because I love my wife.,This attractive girl at the bar was trying to get me to go home with her the other night
73,I had been grinding at home trying to build my website when this girl I hadn't heard from since high school called. She said she was in town and wanted to catch up.  Deciding I needed a break from work I turned off my laptop_comma_ threw on some fresh khakis and air nikes and 2 condoms just in case.  Turned out it's always better safe than sorry.,They're known to cause erectile dysfunction? There's chemicals in the laces_comma_ dude! A conspiracy I tell you! Done by OBAMA!
74,I had been grinding at home trying to build my website when this girl I hadn't heard from since high school called. She said she was in town and wanted to catch up.  Deciding I needed a break from work I turned off my laptop_comma_ threw on some fresh khakis and air nikes and 2 condoms just in case.  Turned out it's always better safe than sorry.,They're known to cause erectile dysfunction? There's chemicals in the laces_comma_ dude! A conspiracy I tell you! Done by OBAMA!
75,I had to take my final exam for a class last semester. I studied really hard for this exam. I went in sure that I was going to do great on it. I ended up getting the highest score in my class!,hard work pays off 
76,I have a promotion coming up in the next few weeks. I am hopeful that I will get a raise,that's awesome! I hope you will get a promotion. what do you do for work?
77,I have always  been faithful to my girlfiend of almost 3 years,So many people cheat nowadays. That's good to hear!
78,I have always  been faithful to my girlfiend of almost 3 years,So many people cheat nowadays. That's good to hear!
79,I have been training for months for the race.,I'm sure all the work will be worth it in the end!
80,I have been training for months for the race.,I'm sure all the work will be worth it in the end!
81,I have been with my car insurance company for 30 years.,I have been with my car insurance company for 30 years.
82,I have been with my car insurance company for 30 years.,I have been with my car insurance company for 30 years.
83,I have faith that I will get pregnant soon. Why is it so hard? Isn't that what a women's body is built to do?,Yeah_comma_ more people are having these issues these days. I think it may be true that someone may be poisoning us through the water and food or something! It is a scary world!
84,I have faith that I will get pregnant soon. Why is it so hard? Isn't that what a women's body is built to do?,Yeah_comma_ more people are having these issues these days. I think it may be true that someone may be poisoning us through the water and food or something! It is a scary world!
85,I have my physics test tomorrow that I have been studying 10 days for_comma_ Never felt so ready in my life.,I have a physics test tomorrow. I think I can say that after 10 days of nonstop studying and copious amounts of adderall_comma_ I am finally ready.
86,I have my physics test tomorrow that I have been studying 10 days for_comma_ Never felt so ready in my life.,I have a physics test tomorrow. I think I can say that after 10 days of nonstop studying and copious amounts of adderall_comma_ I am finally ready.
87,I have plans so go to the beach with my wife for a week next month.,I have plans so go to the beach with my wife for a week next month
88,I have plans so go to the beach with my wife for a week next month.,I have plans so go to the beach with my wife for a week next month
89,I have to make a tuna casserole for tomorrow.  I am sure I can do it well.,I bet it will be great - I've always loved a good tuna casserole!
90,I have to make a tuna casserole for tomorrow.  I am sure I can do it well.,I bet it will be great - I've always loved a good tuna casserole!
91,I interviewed for a job.  I know I gave great answers to their questions and walked away feeling like I had the job.,I interviewed for a job.  I know I gave great answers to their questions and walked away feeling like the job was mine.
92,I just applied for a new job.  After the interview_comma_ I'm very optimistic that I will get the position,I do!  I'm feeling very optimistic about it
93,I just celebrated 25 years at my job.,You should've made them buy another cake!
94,I just got a new manager at work. She is really young but seems to be full of good ideals.,I plan to steer clear. I'm going to relocate in January so I just need to lay low. I hope she does a great job.
95,I just got a new manager at work. She is really young but seems to be full of good ideals.,I plan to steer clear. I'm going to relocate in January so I just need to lay low. I hope she does a great job.
96,I just got a steam cleaner and used it for the first time yesterday. My carpets came out so clean!,I was in the market for a steam cleaner and did tons of research til I chose the best one.
97,I knew I was going to pass my drivers test. I just knew I would do well,I knew I was going to pass my drivers test. I knew I would do well
98,I knew it was going to be a good weekend last week. I just had a good feeling,ok
99,I knew my dad would help me with my test. He was good at math,I knew my dad would help me with my test. He was good with math
100,I know I can make a lotta money on here if I keep working.,Well keep looking something is out there for you
101,I let my son drive the car for the first time.,You must be so proud of him!
102,I let my son drive the car for the first time.,You must be so proud of him!
103,I let people so much in my life and they ended up betraying my confidence i had in them.,I can sympathize with you. I've had a lot of betrayal in the past. The ONLY thing to do is to continue looking for trustworthy individuals. 
104,I like my new manager. He is so kind and a good listener. I feel that I can trust him with any issue that I have.,I hate that too. Most of the managers are like that. They never listen and they can be rude.
107,I pray American will be great again.,Me too_comma_ he's so real. He loves what I love. MMA_comma_ poker_comma_ guns_comma_ WWE_comma_ hahahah
108,I really had a fun time at our county fair a couple of days ago.,I took the family to our county fair a couple of days ago.
109,I recently applied for a job at a new company. Getting this job would but such a step up for me and my family. It would really be great if I got it.,Well I hope you get it. Good luck!
110,I recently applied for a job at a new company. Getting this job would but such a step up for me and my family. It would really be great if I got it.,Well I hope you get it. Good luck!
111,I recently decided to start blogging again and feel pretty good about it. I used to have a decent sized audience_comma_ so hopefully I can build it back up.,I'm sure if you can let people know that you're back blogging_comma_ they'd come back to see what you're up to now!  What do you blog about?
112,I recently received my teaching certificate,thats so awesome good for you 
113,I recently received my teaching certificate,thats so awesome good for you 
114,I recently went surfing and surfed waves everyone else was afraid to. I was the man_comma_,Yes_comma_ I've been surfing for ever. Only three of us in the water. 
115,I recently went surfing and surfed waves everyone else was afraid to. I was the man_comma_,Yes_comma_ I've been surfing for ever. Only three of us in the water. 
116,I remember as a child when I got my Nintendo 64 how happy and excited I was. Best christmas memory I have.,Yea _comma_ I still play it sometimes for funs sake.
117,I remember as a child when I got my Nintendo 64 how happy and excited I was. Best christmas memory I have.,Yea _comma_ I still play it sometimes for funs sake.
118,I remember going to State Football Championship. I told my teammates on the bus before we got off that if anybody isn't ready to leave this field with the trophy stay on the bus. The whole bus was quiet. The bus driver looked at me and said I think you guys need the listen to him he doesn't look like he's playing. We eventually won that game . ,WE won 60 - 3 
119,I remember going to State Football Championship. I told my teammates on the bus before we got off that if anybody isn't ready to leave this field with the trophy stay on the bus. The whole bus was quiet. The bus driver looked at me and said I think you guys need the listen to him he doesn't look like he's playing. We eventually won that game . ,WE won 60 - 3 
120,I started my driving class last week. I'll finish the class within a month and drive the car without any help of others.,Are you going to buy a car?
121,I started my driving class last week. I'll finish the class within a month and drive the car without any help of others.,Are you going to buy a car?
122,I think I did very well in my work and will have a fantastic design to show my boss! I put so much effort into this it can't possibly be bad,That is a smart move by you.
123,I think I got everything I need for my job interview tomorrow. I got my fancy clothes and answers prepared for common questions they usually throw at u.,I think I got everything I need for my job interview tomorrow. I got my fancy clothes and answers prepared for common questions they usually throw at u.
124,I trust my wife with my life,thats a good bond how long have you been together? 
125,I trust my wife with my life,thats a good bond how long have you been together? 
126,I want to lose weight and i'm sure i can do it,You can. It will take some persistence. How's it going so far?
127,I wanted to go out but needed someone to watch my kids. No one had ever babysat before. I let my sister watch them because I knew she would do a good job. ,Oh that's so great - and now you can feel comfortable leaving them with her more often!
128,I wanted to go out but needed someone to watch my kids. No one had ever babysat before. I let my sister watch them because I knew she would do a good job. ,Oh that's so great - and now you can feel comfortable leaving them with her more often!
129,I was cooking some food recently. I made a hard to make recipe and it worked!,That is trivia. When i am hyped_comma_ i cook lasagna. I know that is hard to cook_comma_ but i mastered it all on my own
130,I was happy when my brother graduated college. I was just happy for him,I was happy when my brother finished college. He really did deserve it
131,I was held my head high when my mother received her Master's Degree after getting a GED after high school.,You know she inspires me. She always reminds me of what hard work can do for you.
132,I was held my head high when my mother received her Master's Degree after getting a GED after high school.,You know she inspires me. She always reminds me of what hard work can do for you.
133,I was held my head high when my mother received her Master's Degree after getting a GED after high school.,Yes_comma_ it is great! Even better she just received her Master's Degree at the tender age of 50!
134,I was invited to church this last weekend. I went and felt very optimistic in the church.,I went to church with a friend recently.
135,I was married to my wife for thirty years_comma_ and even though she has passed I can't bring myself to date anyone else.,Well_comma_ if that's how you feel then maybe it is best if you stay in the dugout and don't play the field. No shame in that.
136,I was on a business trip last week spending some time at a local bar. There was a girl who was being flirty with me. I had to tell her that I was married and I couldn't play with her.,Last week on a business trip I spent some time at the bar. There was this girl who was really flirty with me. I had to tell her that I couldn't play with her because I was married.
137,I was on a business trip last week spending some time at a local bar. There was a girl who was being flirty with me. I had to tell her that I was married and I couldn't play with her.,Last week on a business trip I spent some time at the bar. There was this girl who was really flirty with me. I had to tell her that I couldn't play with her because I was married.
138,I was pretty happy to find out I was having a girl,I had her 7 months ago
139,I was so thrilled to get concert tickets for a surprise show. It will be so fun!,The Strokes are playing this show on the fly in a month. It's so cool!
140,I was so thrilled to get concert tickets for a surprise show. It will be so fun!,The Strokes are playing this show on the fly in a month. It's so cool!
141,I was very happy to get my new job,oh wow. we're practically neighbors.
142,I was very sure I was getting the promotion I asked for.,I knew I was going to get the promotion I was up for.
143,I was working on a boat_comma_ and I had to hope that my friend didn't screw something up while I had my hands in the engine.,Gosh I hate it when I have to work on complicated parts in my boat engine_comma_ when my friend is helping me.
144,I was working on a boat_comma_ and I had to hope that my friend didn't screw something up while I had my hands in the engine.,Gosh I hate it when I have to work on complicated parts in my boat engine_comma_ when my friend is helping me.
145,I watched two of my daughters as they graduated from high school.,Oh_comma_ that's wonderful!  Tell them congratulations for me! You must be bursting with pride!  
146,I watched two of my daughters as they graduated from high school.,Oh_comma_ that's wonderful!  Tell them congratulations for me! You must be bursting with pride!  
147,I went in to the interview knowing that I had what it takes to land the job. I had prepared to the fullest extent and had all the skills they were looking for.,Nice! You sound like you prepared very well
148,I went into that interviewing knowing i could answer any question they threw at me,yea im sure i'll get the job
149,I went into that interviewing knowing i could answer any question they threw at me,yea im sure i'll get the job
150,I went skydiving. I had to trust in the tandem partner I had to not kill me.,That's so awesome. I don't think I would have the courage now. Will you do it again?
151,I went skydiving. I had to trust in the tandem partner I had to not kill me.,That's so awesome. I don't think I would have the courage now. Will you do it again?
152,I will be seeing my son tomorrow after  a month.,My son comes back tomorrow!
153,I will finally be getting a new phone soon_comma_ and I can't wait because my old one is almost dead.,I have a lot of anticipation in me right now. I will finally be able to get a new phone after all these years.
154,I won a teaching award last year for my work with at-risk youth. ,It's nice to be recognized. What do you do for a living?
155,I won a year of unlimited pizza. I'm so psyched.,It will save you a lot of money too
156,I won first place in the marathon last weekend. I trained hard and deserved the win,That's pretty awesome. Do you usually run marathons?
157,I won first place in the marathon last weekend. I trained hard and deserved the win,That's pretty awesome. Do you usually run marathons?
158,I would never cheat on my wife like my brother cheated on his wife,Cheating  on your spouse is a despicable thing to do.
159,I'll be getting a raise in February.,It'll be around 25%.
160,I'm about to ask someone that I like out on a date. I'm pretty confident that she will say yes.,So there's a girl that I've been talking to lately... I'm thinking about asking her out.
161,I'm about to ask someone that I like out on a date. I'm pretty confident that she will say yes.,So there's a girl that I've been talking to lately... I'm thinking about asking her out.
162,I'm excited for Red Dead Redemption 2 to come out.  Even though it's a couple months away,No worries_comma_ we all have our hobbies!
163,I'm excited for Red Dead Redemption 2 to come out.  Even though it's a couple months away,No worries_comma_ we all have our hobbies!
164,I'm going to a drink and paint party tomorrow. It should be pretty fun!,My friend is having a drink and paint party. I've only been to one before but it was pretty fun. I can't wait.
165,I'm going to a drink and paint party tomorrow. It should be pretty fun!,Wow_comma_ that sounds like a fun and interesting time_comma_ but it sounds like there are a high chance for things to go south and be a huge mess
166,I'm going to a drink and paint party tomorrow. It should be pretty fun!,Wow_comma_ that sounds like a fun and interesting time_comma_ but it sounds like there are a high chance for things to go south and be a huge mess
167,I'm going to a drink and paint party tomorrow. It should be pretty fun!,My friend is having a drink and paint party. I've only been to one before but it was pretty fun. I can't wait.
168,I'm going to building a gaming pc. This is my first time.,Wow. It can be difficult to put together but finding the parts is a lot of fun.
169,I'm going to building a gaming pc. This is my first time.,Wow. It can be difficult to put together but finding the parts is a lot of fun.
170,I'm going to see a film tonight and I am really crossing my fingers its good.,I think it's called the Happytime Murders. Some murder mystery/comedy with puppets.
171,I'm going to see a film tonight and I am really crossing my fingers its good.,I think it's called the Happytime Murders. Some murder mystery/comedy with puppets.
172,I'm happy my package just arrived,im glad it came earlier
173,I'm happy my package just arrived,im glad it came earlier
174,I'm hoping I can reach diamond next season in overwatch. I've been practicing a ridiculous amount,I would say it's my favorite fps now by a mile. Cod became fecal matter 5 or 6 years ago. I'm hoping I can finally stop being a pleb and hit diamond next season
175,I'm looking forward to presenting to my client_comma_ I spent a lot of time on that powerpoint,I'm looking forward to presenting to my client_comma_ I spent a lot of time on that powerpoint
176,I'm meeting a girl for a date at the zoo this afternoon.,What's your favorite exhibit at the zoo?
177,I'm meeting a girl for a date at the zoo this afternoon.,What's your favorite exhibit at the zoo?
178,I'm spent all summer getting ready to write my thesis. I can't wait to get time to start.,I spent all summer getting ready to write my thesis. I can't wait to get time to start.
179,I'm spent all summer getting ready to write my thesis. I can't wait to get time to start.,I spent all summer getting ready to write my thesis. I can't wait to get time to start.
180,I'm trying to save up money to buy a home by next year. If all goes well It can happen.,I am so excited. I'm thinking of all the things I want to do to it and I don't even know what it looks like yet.
181,I'm very proud of my daughters.,I am very proud of my daughters.
182,I'm very proud of my daughters.,I am very proud of my daughters.
183,I've failed a lot of diets in the past_comma_ but this time I've been able to stay dedicated for the past four months. I'm seeing great progress now!,Yeah_comma_ that sounds like a really good idea!
184,I've got all my fishing gear packed up. I'm ready for tomorrow morning.,I've got all my fishing gear packed up. I'm ready for tomorrow morning.
185,I've had family visiting for the past couple of days_comma_ some cousins and an uncle and aunt that I haven't seen a long time. It's always great to be reunited with family_comma_ especially after you get over that first initial weird social hump of feeling each other out after not having spoken for a long time. It's crazy to see how much the younger cousins have physically changed! Anyway_comma_ it's been a blast playing games and catching up with them.,wow thats great
186,I've never had a lust for life like I do these days.  I literally wake up every day stoked that I'm living my dreams and can't wait to see how much money I can make,Yes you have no idea...still grinding it out everyday but it's totally worth it
187,I've never had a lust for life like I do these days.  I literally wake up every day stoked that I'm living my dreams and can't wait to see how much money I can make,Yes you have no idea...still grinding it out everyday but it's totally worth it
188,I@ve done lots of research for an interview tis week,I have an interview this week
189,If I'm going to be in a relationship I need girl I can depend on_comma_ not some effed up crazy damaged goods type of girl,Yes_comma_ glad you agree....I was an idiot and mistook a deadly combo of pity and infatuation for love...but now I know what to avoid and what I want so I'm thankful
190,If I'm going to be in a relationship I need girl I can depend on_comma_ not some effed up crazy damaged goods type of girl,Yes_comma_ glad you agree....I was an idiot and mistook a deadly combo of pity and infatuation for love...but now I know what to avoid and what I want so I'm thankful
191,It makes me feel good when I see my friends realizing their dreams.,Some people get jealous when other people are doing well_comma_ so you are truely a good friend
192,It was my first time taking the DMV test. I went there rather early and aced the test.,Yes it was even though I was a bit nervous.
193,Just got a house for 10k. It's really broken down_comma_ but I hope it'll be nice after we fix it up.,thats cool.  i hope it works out for you
194,Just got a house for 10k. It's really broken down_comma_ but I hope it'll be nice after we fix it up.,thats cool.  i hope it works out for you
195,Last week when I was coming back to my home_comma_ a man approached me. But_comma_ I had a gun. I felt I was ready.,I had a gun. I felt I was ready. If anything would have happened_comma_ I could have used it.
196,Last week when I was coming back to my home_comma_ a man approached me. But_comma_ I had a gun. I felt I was ready.,I had a gun. I felt I was ready. If anything would have happened_comma_ I could have used it.
197,My brother and a bunch of our friends planned to go to a 15-person cottage in July. I could not wait for all the fun and games we would experience!,It's very close to a lake_comma_ it probably takes a two minute hike down through a patch of trees and tall grass to get there.
198,My brother is getting married. I am so happy for him,I am not_comma_ I did not want to jinx it
199,My co-worker is in charge of finishing up our big project. I am putting all my faith in them.,I have a co-worker putting the finishing touches on a big project and work_comma_ and I am really putting all my faith in him.
200,My company will give us a bonus because the quarter was good. I am happy.,I just went on a vaction with my kids. Its was so relaxing. Have fun
201,My daughter got is going to university. I'm so happy. ,Thank you_comma_ I'm so proud
202,My daughter has grown up so much. She is finally able tobabysit her younger siblings,my daughter has matured so well
203,My daughter win a medal for dancing in a competition. I glad to see her as a dancer.,I'm impressed_comma_ where did she win the medal?
204,My daughter win a medal for dancing in a competition. I glad to see her as a dancer.,I'm impressed_comma_ where did she win the medal?
205,My dog learned all of his tricks!,Oh great. That is so fun . My baby died a few years ago. But he was over 14 _comma_ so. 
206,My dogs passed away 2 years ago. My family adopted me one this past weekend on my birthday.,My dogs passed away 2 years ago. My family adopted me one this past weekend on my birthday.
207,My dogs passed away 2 years ago. My family adopted me one this past weekend on my birthday.,My dogs passed away 2 years ago. My family adopted me one this past weekend on my birthday.
208,My friend speaks 4 languages. I'm sure they'll get that interpreter job at the embassy.,Yea. English of course_comma_ then French_comma_ Spanisha and Chinese.
209,My friend speaks 4 languages. I'm sure they'll get that interpreter job at the embassy.,Yea. English of course_comma_ then French_comma_ Spanisha and Chinese.
210,My grandson just graduated high school. He was developmentally slow so we were amazed that he actaully graduated a year early!,You must be so proud. That really is a great accomplishment that he has made. Is he going to college?
211,My husband and I are going to couples counseling. I am really positive that we can fix things and be happy.,Oh no. I'm sorry to hear you are going through a rough patch.
212,My little boy got on the bus this morning. He made me so happy for him.,That's so sweet. 
213,My little boy got on the bus this morning. He made me so happy for him.,That's so sweet. 
214,My nephew is learning how to drive and asked to use my car to take the driving test this weekend. ,Yeah. I feel he wont let me down. 
215,My nephew is learning how to drive and asked to use my car to take the driving test this weekend. ,Yeah. I feel he wont let me down. 
216,My niece is visiting and we have a pool.  She has not had access to a pool for most of her childhood ad does not know how to swim.  She is figuring it out very quickly though and her confidence is increasing as her skills do.  It's very exciting to watch her skills and confidence soar and she feels it too.,My niece can't swim but has is staying with us for a bit and we have a pool.  Her skills are increasing and her confidence is soaring!
217,My niece is visiting and we have a pool.  She has not had access to a pool for most of her childhood ad does not know how to swim.  She is figuring it out very quickly though and her confidence is increasing as her skills do.  It's very exciting to watch her skills and confidence soar and she feels it too.,My niece can't swim but has is staying with us for a bit and we have a pool.  Her skills are increasing and her confidence is soaring!
218,My partner and I both work 24-hour shifts and tend to alternate shifts (I'll be at home hwen she's at work and she'll be at home when I'm at work). This can lead to some insecurities sometimes because not only are we away from each other alot_comma_ but we have a lot of time by ourselves where anyone could come over if they want to. I feel so lucky knowing that my wife has my best interest in mind. ,Ahh! We both enjoy it. Thanks for the thank you_comma_ though! :) 
219,My partner and I both work 24-hour shifts and tend to alternate shifts (I'll be at home hwen she's at work and she'll be at home when I'm at work). This can lead to some insecurities sometimes because not only are we away from each other alot_comma_ but we have a lot of time by ourselves where anyone could come over if they want to. I feel so lucky knowing that my wife has my best interest in mind. ,Ahh! We both enjoy it. Thanks for the thank you_comma_ though! :) 
220,My school is low income_comma_ but we score in the top 5% statewide.,Yep. We get looked down on so much_comma_ but I think some schools are gonna rethink their attitudes now.
221,My school is low income_comma_ but we score in the top 5% statewide.,Yep. We get looked down on so much_comma_ but I think some schools are gonna rethink their attitudes now.
222,My son just graduated from college. I cannot believe how fast time went.,Awesome. That is a huge accomplishment.
223,My son just graduated from college. I cannot believe how fast time went.,Awesome. That is a huge accomplishment.
224,My son won first place at his first spelling bee.,That's great!  Sounds like he's a smart kid!
225,My son won first place at his first spelling bee.,That's great!  Sounds like he's a smart kid!
226,My spouse bought me a diamond necklace for my birthday.,Yes I was_comma_ I felt love and appreciated. 
227,Nephew playing football this year,That's exciting!  I hope he's doing well in school!
228,Nephew plays football.  I hope he does great this year!,Yeah this is true!  I'll definitely take your advice! Thank you so much!
229,Nephew plays football.  I hope he does great this year!,Yeah this is true!  I'll definitely take your advice! Thank you so much!
230,One day my neighbor helped me in a risky situation. So I'm loyal to their family always.,Yeah_comma_ They helped me in the risky situation when I was alone.
231,One year we had a scary hurricane warning_comma_ but thankfully with plenty of time to get ready for it. So I got batteries_comma_ beer_comma_ non-perishable foods. I was totally ready!,Wouldn't you know it totally missed my city. I was a little let down to be honest_comma_ though glad we were safe.
232,One year we had a scary hurricane warning_comma_ but thankfully with plenty of time to get ready for it. So I got batteries_comma_ beer_comma_ non-perishable foods. I was totally ready!,Wouldn't you know it totally missed my city. I was a little let down to be honest_comma_ though glad we were safe.
233,Recently we decided to rescue another kitten. We were so thrilled to be adding another furry member to our family and save a life.,That is great! Adopt_comma_ don't shop! Always a great motto!
234,Some one owed me some money,I thought he would not pay back after a long time
235,The first time I went on a motorcycle_comma_ I was scared. But I knew my husband wouldn't do anything to hurt me. I trusted him with my life.,It must be nice to have that kind of trust for someone_comma_ and motorcycles can be fun!
236,The first time I went on a motorcycle_comma_ I was scared. But I knew my husband wouldn't do anything to hurt me. I trusted him with my life.,It must be nice to have that kind of trust for someone_comma_ and motorcycles can be fun!
237,This is gonna be a good year at school for me. Its going to be better than all the rest!,Thats a good outlook to have! What year are you on 1st_comma_ 2nd? 
238,Took the kiddos to the lake,That sound fun! I love to eat fresh fish!
239,Took the kiddos to the lake,That sound fun! I love to eat fresh fish!
240,Vacation trip coming up hope it's awesome,Yeah I know!  It's going to be awesome!  Enjoy your day_comma_ friend!
241,Vacation trip coming up hope it's awesome,Yeah I know!  It's going to be awesome!  Enjoy your day_comma_ friend!
242,We are wanting to buy a new house in the next year. I'm really hoping that it works out for us. We have needed something a little bigger for a while now.,Yes. I have 4 kids and we are living in a 3 bedroom and 1 bathroom right now. We definitely need another bathroom. lol
243,We had a big storm last summer_comma_ so this year I bought a ton of supplies in case we lost power or had flooding. Last year our basement got very damaged. ,Yeah its all repaired now. I also bought lots of food in case we loose power.
244,We recently went on vacation with some friends to Disney world.  They had never been before and we are annual passholders so we have been several times over the last year.,We had a really good time on our vacation a couple of weeks ago.
245,We recently went on vacation with some friends to Disney world.  They had never been before and we are annual passholders so we have been several times over the last year.,We had a really good time on our vacation a couple of weeks ago.
246,We went through hurricane irma last year. We got everything we needed and put metal shutter on all the windows and decided to stay. , i must have been terrifying_comma_ I am glad you both made it through it
247,What do you do for a living?,I am responsible for promoting learning about AI through conversations.
248,What do you do?,I am a chatbot to promote learning about AI. Are you interested in learning about any aspect of AI?
249,What does Jeremy Hobson look at?,"The BBC's science correspondent, Jeremy Hobson, looks at the role of algorithms in computing."
250,What does Jeremy Hobson look at?,"The BBC's science correspondent, Jeremy Hobson, looks at the challenges faced by researchers trying to develop algorithms for predicting the behaviour of natural disasters."
251,What does John Sudworth look at?,"The BBC's science correspondent, Dr John Sudworth, looks at the history of algorithms."
252,What does Richard Black explain about the metaverse?,"The BBC's technology correspondent, Richard Black, explains the meaning of the metaverse."
253,What does Sue Perkins explain about machine learning?,"The BBC's artificial intelligence expert, Sue Perkins, explains how machine learning works."
254,What is a bot?,A bot is a computer program that is capable of playing a video game.
255,What is a computer program that uses instructions or rules to solve problems?,An algorithm is a computer program that uses instructions or rules to solve problems.
256,What is a reward for doing well?,"Researchers at the University of California, Berkeley, have developed a way to teach children to learn by giving them a reward for doing well."
257,What is an example of a model-based learning method?,Image-based learning is a promising new way to train computers.
258,What is one of the main functions of computer systems?,The following are some of the main functions of computer systems.
259,What is the aim of this paper?,The aim of this paper is to show how to design algorithms for the problem of the distribution of the number of points of a series of triplets.
260,What is the classification of data by?,In this paper we will discuss the classification of data by the following criteria:
261,What is the concept of Augmented Reality?,"Augmented reality is the idea that your smartphone, tablet or computer can be used to view the world around you."
262,What is the definition of a Merkle hash tree?,"A Merkle hash tree is a tree of data structures, binary or otherwise, with the labels or values of its child nodes."
263,What is the definition of a bot?,A bot is a computer program capable of performing repetitive tasks.
264,What is the definition of a bot?,A bot is a software application that is programmed to perform certain tasks.
265,What is the definition of a graph?,A graph is a set of objects that can be arranged in a way that is mathematically possible.
266,What is the definition of a graph?,"A graph is a representation of a system or set, by means of graphical schemes."
267,What is the definition of a graphics processing unit?,A graphics processing unit (GPU) is a piece of computer hardware that handles computer graphics operations.
268,What is the definition of a graphics processing unit?,"A graphics processing unit (GPU) or graphics processor is a coprocessor dedicated to graphics processing or floating point operations, to lighten the workload of the central processor/CPU in applications such as video games or interactive 3D applications."
269,What is the definition of a grouping rule?,The association rule is a set of rules that govern the way items are grouped and stored.
270,What is the definition of a hash function?,A Hash Function is a mathematical function that transforms a set of data into an alphanumeric code of fixed length.
271,What is the definition of a hash function?,A hash function is a function that converts one or more input elements into another element.
272,What is the definition of a metaverse?,The idea of a metaverse is a new way of exploring the universe.
273,What is the definition of a model?,AI is a branch of science that aims to improve the way we think about and use data.
274,What is the definition of a model?,This paper describes how to train an artificial intelligence model to predict the likelihood of a given event.
275,What is the definition of a subajustment?,The failure of a system to work properly is called underfitting.
276,What is the definition of a sugar code?,"In this video, you will learn how to write code using sugar."
277,What is the definition of a tree?,In this course we will be learning how to use a tree in a variety of ways.
278,What is the definition of a tree?,A tree is a structure of data that is not empty or null.
279,What is the definition of a variable dummy?,This article will show you how to create a dummy variable in Python.
280,What is the definition of an intelligent agent?,"An intelligent agent is an entity capable of perceiving its environment, processing such perceptions and responding or acting in its environment rationally, i.e., tending to maximize an expected result."
281,What is the definition of an intelligent agent?,Intelligent agents are the future of technology.
282,What is the definition of arbol?,In this article we will talk about the different types of data structures and how they can be used in the web.
283,What is the definition of association rules?,In this paper we will look at the use of association rules in decision trees.
284,What is the definition of augmented reality?,The Augmented Reality Association (ARA) is a non-profit organisation that promotes the use of augmented reality in the hospitality industry.
285,What is the definition of augmented reality?,"The BBC's technology correspondent, Chris McGrath, explains how augmented reality can be used to enhance our daily lives."
286,What is the definition of big data?,"The term 'big data' has been around for a long time, but has now become more common."
287,What is the definition of blockchain?,The Blockchain Foundation is a non-profit organisation that promotes the use of Blockchain technology.
288,What is the definition of data science?,The term data science has been used by many universities and research institutions for a long time.
289,What is the definition of metadata?,Metadata is a collection of information that accompanies data.
290,What is the definition of metadata?,Metadata is a word that has been used by many people to describe data.
291,What is the definition of metaverso?,"The Metaverse is a new technology developed by the University of California, Los Angeles (UCLA)."
292,What is the definition of sobreajuste?,This video shows how to overfitting a computer model.
293,What is the definition of sobreajuste?,A new study suggests that a neural network can be overfitted.
294,What is the definition of tabla hash?,The hash table is a very useful tool for searching for data.
295,What is the definition of tabla hash?,A hash table is a data structure that associates keys or keys with values.
296,What is the definition of the Merkle tree?,"The Merkle tree is a distributed ledger system that can be used to store, manage, and retrieve large amounts of data."
297,What is the definition of the internet of things?,"The BBC's technology correspondent, Dan Biles, looks at the future of the internet of things."
298,What is the definition of xenobot?,"Meet the Xenobots, the latest in a long line of living robots."
299,What is the goal of the project?,The aim of this project is to develop a new type of data analytics: a model.
300,What is the idea of an algorithm?,The idea of an algorithm is to create a set of rules that can be used to solve problems.
301,What is the main feature of the aprendizaje?,In this paper we show how to train a group of unsupervised learning algorithms.
302,What is the name of the algorithm used by Google?,Google has been accused of manipulating its search results to favour its own products and services over those of rivals such as Yahoo and Bing.
303,What is the name of the algorithm?,The algorithm is a set of instructions that is used to solve problems.
304,What is the name of the algoritm?,A cooking class is a chance for students to learn how to prepare a meal.
305,What is the name of the autoencoder developed by the University of Cambridge?,The University of Cambridge has developed an autoencoder for the Cambridge University Press.
306,What is the name of the bot used in the election?,"The United States is currently holding elections to choose a new president, and the use of bots in the campaign has been a major issue."
307,What is the name of the computer system developed by researchers at the University of Bristol?,"A computer system that could be used to ""Turing complete"" has been developed by researchers at the University of Bristol."
308,What is the name of the condition that a 3D printer must be maintained?,We have been using a 3D printer for many years and have been finding that it is a very expensive machine to maintain.
309,What is the name of the film that celebrates Euclid?,"The ancient Greek mathematician Euclid is celebrated in the film The Big Bang Theory, which opens in the UK on Friday."
310,What is the name of the initiative that promotes the use of green computing?,The World Green Computing Council (WGC) has launched a new initiative to promote the use of green computing in the world.
311,What is the name of the internet?,"A new type of shoe is being developed by the University of California, Berkeley."
312,What is the name of the lecture by Alan Turing?,"On the 80th anniversary of the Turing machine's creation, the University of California, Berkeley, is marking the occasion with a series of lectures by computer scientist Alan Turing, who was the man who first proposed the idea of a computer."
313,What is the name of the machine that Alan Turing developed?,"The BBC's science correspondent, Richard Black, has been to the University of Cambridge to see the Turing machine, a machine developed by Alan Turing in the 1950s."
314,"What is the name of the method developed by scientists at the University of California, Los Angeles?","Scientists at the University of California, Los Angeles, have developed a way to stop people from falling ill if they get sick."
315,What is the name of the model we present?,We present a generative model for unsupervised learning of large-scale data sets.
316,What is the name of the new method developed?,A novel method for learning autoencoders has been developed.
317,What is the name of the new technology being used to help businesses manage their digital assets?,A new technology is being used to help businesses manage their digital assets.
318,What is the name of the new type of data collection system?,"The British government has announced that it will be introducing a new type of data collection system called Smart Data, which will be able to collect a lot of data in a short time, but will also be able to analyse it."
319,What is the name of the new type of machine learning?,The research group at the University of Bristol has developed a new type of machine learning called reinforcement learning.
320,What is the name of the new way of learning at the University of Cambridge?,"The University of Cambridge has developed a new way of learning, called Federated Learning."
321,What is the name of the paper that describes the classification of algorithms?,In this paper we describe the classification of algorithms.
322,What is the name of the paper that describes the use of ofrative models to train computer systems to discriminate between real and artificial examples?,This paper describes the use ofrative models to train computer systems to discriminate between real and artificial examples.
323,What is the name of the part of an algorithm?,An algorithm is a computer program that uses a set of instructions to solve a problem.
324,What is the name of the prediction model used in artificial intelligence?,"A decision tree is a prediction model used in many fields including artificial intelligence, economics and computer science."
325,What is the name of the project that has been awarded the European Research Award?,"The PROLOG project has been awarded the European Union's prestigious R&D award, the European Research Award (Eredo), for its contribution to artificial intelligence."
326,What is the name of the robot that can swim and talk?,A robot that can swim and talk has been developed in the US.
327,What is the name of the technology that allows the transfer of information between computers?,Blockchain is a technology that allows the transfer of information between computers.
328,What is the name of the technology used in the banking sector?,The use of blockchain technology in the banking sector has been growing in recent years.
329,What is the name of the test that is used to test the intelligence of machines?,"The BBC's science correspondent, Richard Galpin, explains how the Turing test is used to test the intelligence of machines."
330,What is the name of the tool that is used to learn how to use a website?,This is a very useful tool for learning how to use a website.
331,What is the name of the tree?,The tree is a very important part of any learning process.
332,What is the name of the tutorial that shows you how to solve a factorial in Prolog?,"In this tutorial, I will show you how to solve a factorial in the Prolog language."
333,"What is the name of the xenobot that can swim, fly and crawl?","A team of scientists at the University of California, Berkeley, has developed a xenobot that can swim, fly and crawl."
334,What is the term for a computer scientist who uses data to solve problems?,Data science is a branch of computer science that uses data to solve problems.
335,What is the term for a graphics processing unit?,"GPU- accelerated computing is the use of a graphics processing unit (GPU) in conjunction with a CPU to accelerate the performance of deep learning, analytics and engineering applications."
336,What is the term for data science?,Data science is a branch of science that uses data to solve problems.
337,What is the term for the Internet of Things?,The Internet of Things (IoT) is a growing trend in the technology industry.
338,What is the term for the collection and analysis of large amounts of data?,Big Data is the collection and analysis of large amounts of data.
339,What is the term for the use of sensors and actuators in the home?,The use of sensors and actuators in the home is increasing.
340,What is the term for variables dummy?,"The effect of a dummy variable on the outcome of a study is discussed in the paper ""Effects of a dummy variable on a study"" by the researchers at the University of Oxford."
341,What is the term used to describe data that is ready to be used but not yet ready for use?,"The term ""smart data"" is used to describe data that is ready to be used, but which is not yet ready for use."
342,What is the topic of the PhD program at the University of Bristol?,The University of Bristol is offering a PhD in data science.
343,What is your name?,"My name is Sara, and what is yours?"
344,What is your occupation?,I am a chatbot in charge of fostering learning about AI.
345,What test did DeepMind pass?,The BBC reports that a machine called DeepMind has passed the Turing test for the first time.
346,What type of technology is expected to be the fastest growing segment of the global market?,The telecommunications sector is expected to be one of the fastest growing segments in the global blockchain market.
347,What was the name of Alan Turing's work?,Alan Turing was a British computer scientist who developed the complete Turing complete.
348,What was the name of the machine that was seen at Bletchley Park?,"The BBC's science correspondent, Jeremy Vine, has been to the World War Two code-breaking centre at Bletchley Park to see the Turing machine."
349,What's your name?,My name is Sara. What would you like to talk about?
350,When I am in nature I feel good that this world is exactly as it should be. Everything is moving a long to Gods desires.,Why do cities make you feel that way?
351,When I am in nature I feel good that this world is exactly as it should be. Everything is moving a long to Gods desires.,Why do cities make you feel that way?
352,When I had many problems or I was sad_comma_ I knew God was with me and the things were going to improve.,Can you facetime them?
353,When I had many problems or I was sad_comma_ I knew God was with me and the things were going to improve.,Can you facetime them?
354,When I was a little kid I used to put my faith in everybody.  I learned later on_comma_ as I matured that you can't rely on other people too much because only you know what is best for you in life while everyone else will try to use you if they see you doing too well in life,I understand. Do you like Tony Montana in the movie Scarface?
355,When I went into labor with my son_comma_ it was quite the ordeal. He was coming way too early and we had to rush to get him out. Thankfully_comma_ I had everything already packed beforehand!,Is he healthy?
356,When my dad wanted to help me get a car_comma_ I trusted him. I knew he would help me a lot,That is nice of him_comma_ that is a good dad right there!
357,When my dad wanted to help me get a car_comma_ I trusted him. I knew he would help me a lot,That is nice of him_comma_ that is a good dad right there!
358,When my first child was born I have never experienced so much happiness in my life.,Thank you! It is hard at times tho when getting little sleep.
359,When my spouse was out of town for work_comma_ a friend stopped by to visit. This friend offered to kiss me_comma_ but I declined and asked the friend to leave. I only have interest in my spouse in this way.,I said no and made the friend leave. I only like my spouse.
360,When my spouse was out of town for work_comma_ a friend stopped by to visit. This friend offered to kiss me_comma_ but I declined and asked the friend to leave. I only have interest in my spouse in this way.,I said no and made the friend leave. I only like my spouse.
361,When the guy I'm now married to and I met for the first time I was actually dating someone else. I thought that my now husband would just be a really good friend to me. I stayed with my ex-boyfriend for a while after_comma_ and even when I knew I wanted to date my now husband I never did anything to betray my ex.,Well that's good. Sounds like it all worked out pretty well.
362,When the guy I'm now married to and I met for the first time I was actually dating someone else. I thought that my now husband would just be a really good friend to me. I stayed with my ex-boyfriend for a while after_comma_ and even when I knew I wanted to date my now husband I never did anything to betray my ex.,Well that's good. Sounds like it all worked out pretty well.
363,god has done so much for me in my life. i owe everything to him,and i know he's going to come back for me and take me away from this place
364,god has done so much for me in my life. i owe everything to him,and i know he's going to come back for me and take me away from this place
365,i am so happy that i am going to be a grandma,Yep. Happy and healthy is a blessing
366,i am so happy that i am going to be a grandma,Yep. Happy and healthy is a blessing
367,i cant wait for next week!,What's going on next week?
368,i felt trusting when my dad and my mon care for me,Well as a fellow human being_comma_ I agree that when parents care for their children_comma_ it creates a lifelasting bond between the two parties.
369,i felt trusting when my dad and my mon care for me,Well as a fellow human being_comma_ I agree that when parents care for their children_comma_ it creates a lifelasting bond between the two parties.
370,i got a surprise gift in the mail,one time on my birthday i never expect much to me is just a regular day _comma_ then i get a package in the mail it was copic markers my friend mailed them to me from another state i was so happy
371,i have faith my brother will do alright,Well at least you were able to introduce him to your friend. I hope everything works out for him!
372,i have faith my brother will do alright,Well at least you were able to introduce him to your friend. I hope everything works out for him!
373,i went in knowing i was going to do great on that test,Awesome! So happy for you my friend
374,i went in knowing i was going to do great on that test,Awesome! So happy for you my friend
375,im ready for next week!,what's happening next week?
376,im ready for next week!,what's happening next week?
377,my daughter passed her drivers test on the first try,really scary.
378,my daughter passed her drivers test on the first try,really scary.
379,ready to leave this hood ,That sounds like a plan.
380,that i will find a better job ,I am staying very positive that this year even if it is coming close to an end I will find a better job! 
381,when I had my test to get a new certification at work_comma_ I felt great about it because I had workd really hard and studied.,I had my test for a new certification at work.  I really wasn't that nervous for it though.
382,when I had my test to get a new certification at work_comma_ I felt great about it because I had workd really hard and studied.,I had my test for a new certification at work.  I really wasn't that nervous for it though.
